config,cutoff,N,W,part,insiders_caught,insiders_total,user_recall,false_users,normal_users,user_fpr,median_delay_days
logon,0.75,1,7,валидация,2,35,0.0571,9,910,0.0099,28.0
logon,0.75,1,7,тест,3,35,0.0857,14,888,0.0158,0
logon,0.75,1,14,валидация,2,35,0.0571,9,910,0.0099,28.0
logon,0.75,1,14,тест,3,35,0.0857,14,888,0.0158,0
logon,0.75,1,30,валидация,2,35,0.0571,9,910,0.0099,28.0
logon,0.75,1,30,тест,3,35,0.0857,14,888,0.0158,0
logon,0.75,2,7,валидация,0,35,0.0,2,910,0.0022,
logon,0.75,2,7,тест,0,35,0.0,3,888,0.0034,
logon,0.75,2,14,валидация,1,35,0.0286,3,910,0.0033,7
logon,0.75,2,14,тест,0,35,0.0,6,888,0.0068,
logon,0.75,2,30,валидация,1,35,0.0286,4,910,0.0044,7
logon,0.75,2,30,тест,0,35,0.0,7,888,0.0079,
logon,0.75,3,7,валидация,0,35,0.0,1,910,0.0011,
logon,0.75,3,7,тест,0,35,0.0,0,888,0.0,
logon,0.75,3,14,валидация,0,35,0.0,2,910,0.0022,
logon,0.75,3,14,тест,0,35,0.0,0,888,0.0,
logon,0.75,3,30,валидация,0,35,0.0,2,910,0.0022,
logon,0.75,3,30,тест,0,35,0.0,2,888,0.0023,
logon,0.75,4,7,валидация,0,35,0.0,0,910,0.0,
logon,0.75,4,7,тест,0,35,0.0,0,888,0.0,
logon,0.75,4,14,валидация,0,35,0.0,0,910,0.0,
logon,0.75,4,14,тест,0,35,0.0,0,888,0.0,
logon,0.75,4,30,валидация,0,35,0.0,0,910,0.0,
logon,0.75,4,30,тест,0,35,0.0,0,888,0.0,
logon,0.75,5,7,валидация,0,35,0.0,0,910,0.0,
logon,0.75,5,7,тест,0,35,0.0,0,888,0.0,
logon,0.75,5,14,валидация,0,35,0.0,0,910,0.0,
logon,0.75,5,14,тест,0,35,0.0,0,888,0.0,
logon,0.75,5,30,валидация,0,35,0.0,0,910,0.0,
logon,0.75,5,30,тест,0,35,0.0,0,888,0.0,
device,0.3,1,7,валидация,30,35,0.8571,108,910,0.1187,0.0
device,0.3,1,7,тест,33,35,0.9429,108,888,0.1216,0
device,0.3,1,14,валидация,30,35,0.8571,108,910,0.1187,0.0
device,0.3,1,14,тест,33,35,0.9429,108,888,0.1216,0
device,0.3,1,30,валидация,30,35,0.8571,108,910,0.1187,0.0
device,0.3,1,30,тест,33,35,0.9429,108,888,0.1216,0
device,0.3,2,7,валидация,21,35,0.6,78,910,0.0857,1
device,0.3,2,7,тест,28,35,0.8,71,888,0.08,0.0
device,0.3,2,14,валидация,23,35,0.6571,91,910,0.1,2
device,0.3,2,14,тест,30,35,0.8571,82,888,0.0923,0.0
device,0.3,2,30,валидация,23,35,0.6571,94,910,0.1033,2
device,0.3,2,30,тест,31,35,0.8857,85,888,0.0957,0
device,0.3,3,7,валидация,12,35,0.3429,26,910,0.0286,4.5
device,0.3,3,7,тест,17,35,0.4857,25,888,0.0282,6
device,0.3,3,14,валидация,20,35,0.5714,57,910,0.0626,7.0
device,0.3,3,14,тест,27,35,0.7714,52,888,0.0586,6
device,0.3,3,30,валидация,21,35,0.6,78,910,0.0857,7
device,0.3,3,30,тест,27,35,0.7714,75,888,0.0845,6
device,0.3,4,7,валидация,2,35,0.0571,10,910,0.011,20.5
device,0.3,4,7,тест,3,35,0.0857,9,888,0.0101,43
device,0.3,4,14,валидация,9,35,0.2571,24,910,0.0264,7
device,0.3,4,14,тест,20,35,0.5714,17,888,0.0191,6.5
device,0.3,4,30,валидация,14,35,0.4,56,910,0.0615,9.0
device,0.3,4,30,тест,23,35,0.6571,51,888,0.0574,7
device,0.3,5,7,валидация,0,35,0.0,4,910,0.0044,
device,0.3,5,7,тест,0,35,0.0,6,888,0.0068,
device,0.3,5,14,валидация,3,35,0.0857,9,910,0.0099,11
device,0.3,5,14,тест,4,35,0.1143,10,888,0.0113,43.5
device,0.3,5,30,валидация,4,35,0.1143,27,910,0.0297,24.5
device,0.3,5,30,тест,8,35,0.2286,30,888,0.0338,43.5
device (порог 0.65),0.65,1,7,валидация,20,35,0.5714,65,910,0.0714,0.0
device (порог 0.65),0.65,1,7,тест,22,35,0.6286,67,888,0.0755,0.0
device (порог 0.65),0.65,1,14,валидация,20,35,0.5714,65,910,0.0714,0.0
device (порог 0.65),0.65,1,14,тест,22,35,0.6286,67,888,0.0755,0.0
device (порог 0.65),0.65,1,30,валидация,20,35,0.5714,65,910,0.0714,0.0
device (порог 0.65),0.65,1,30,тест,22,35,0.6286,67,888,0.0755,0.0
device (порог 0.65),0.65,2,7,валидация,15,35,0.4286,27,910,0.0297,0
device (порог 0.65),0.65,2,7,тест,18,35,0.5143,21,888,0.0236,0.0
device (порог 0.65),0.65,2,14,валидация,16,35,0.4571,34,910,0.0374,0.0
device (порог 0.65),0.65,2,14,тест,20,35,0.5714,31,888,0.0349,0.0
device (порог 0.65),0.65,2,30,валидация,16,35,0.4571,41,910,0.0451,0.0
device (порог 0.65),0.65,2,30,тест,20,35,0.5714,34,888,0.0383,0.0
device (порог 0.65),0.65,3,7,валидация,8,35,0.2286,5,910,0.0055,2.0
device (порог 0.65),0.65,3,7,тест,12,35,0.3429,4,888,0.0045,4.5
device (порог 0.65),0.65,3,14,валидация,14,35,0.4,12,910,0.0132,4.0
device (порог 0.65),0.65,3,14,тест,17,35,0.4857,10,888,0.0113,4
device (порог 0.65),0.65,3,30,валидация,14,35,0.4,21,910,0.0231,4.0
device (порог 0.65),0.65,3,30,тест,17,35,0.4857,23,888,0.0259,4
device (порог 0.65),0.65,4,7,валидация,1,35,0.0286,0,910,0.0,5
device (порог 0.65),0.65,4,7,тест,1,35,0.0286,0,888,0.0,3
device (порог 0.65),0.65,4,14,валидация,7,35,0.2,4,910,0.0044,6
device (порог 0.65),0.65,4,14,тест,13,35,0.3714,2,888,0.0023,6
device (порог 0.65),0.65,4,30,валидация,8,35,0.2286,12,910,0.0132,6.0
device (порог 0.65),0.65,4,30,тест,15,35,0.4286,11,888,0.0124,6
device (порог 0.65),0.65,5,7,валидация,0,35,0.0,0,910,0.0,
device (порог 0.65),0.65,5,7,тест,0,35,0.0,0,888,0.0,
device (порог 0.65),0.65,5,14,валидация,2,35,0.0571,0,910,0.0,9.5
device (порог 0.65),0.65,5,14,тест,0,35,0.0,1,888,0.0011,
device (порог 0.65),0.65,5,30,валидация,2,35,0.0571,5,910,0.0055,9.5
device (порог 0.65),0.65,5,30,тест,0,35,0.0,4,888,0.0045,
logon+device,0.6,1,7,валидация,21,35,0.6,76,910,0.0835,0
logon+device,0.6,1,7,тест,22,35,0.6286,83,888,0.0935,0.0
logon+device,0.6,1,14,валидация,21,35,0.6,76,910,0.0835,0
logon+device,0.6,1,14,тест,22,35,0.6286,83,888,0.0935,0.0
logon+device,0.6,1,30,валидация,21,35,0.6,76,910,0.0835,0
logon+device,0.6,1,30,тест,22,35,0.6286,83,888,0.0935,0.0
logon+device,0.6,2,7,валидация,15,35,0.4286,29,910,0.0319,0
logon+device,0.6,2,7,тест,18,35,0.5143,25,888,0.0282,0.0
logon+device,0.6,2,14,валидация,16,35,0.4571,38,910,0.0418,0.0
logon+device,0.6,2,14,тест,20,35,0.5714,39,888,0.0439,0.0
logon+device,0.6,2,30,валидация,16,35,0.4571,47,910,0.0516,0.0
logon+device,0.6,2,30,тест,20,35,0.5714,43,888,0.0484,0.0
logon+device,0.6,3,7,валидация,8,35,0.2286,6,910,0.0066,2.0
logon+device,0.6,3,7,тест,12,35,0.3429,5,888,0.0056,4.5
logon+device,0.6,3,14,валидация,14,35,0.4,14,910,0.0154,4.0
logon+device,0.6,3,14,тест,17,35,0.4857,11,888,0.0124,4
logon+device,0.6,3,30,валидация,14,35,0.4,23,910,0.0253,4.0
logon+device,0.6,3,30,тест,17,35,0.4857,29,888,0.0327,4
logon+device,0.6,4,7,валидация,1,35,0.0286,0,910,0.0,5
logon+device,0.6,4,7,тест,1,35,0.0286,0,888,0.0,3
logon+device,0.6,4,14,валидация,7,35,0.2,4,910,0.0044,6
logon+device,0.6,4,14,тест,13,35,0.3714,2,888,0.0023,6
logon+device,0.6,4,30,валидация,8,35,0.2286,12,910,0.0132,6.0
logon+device,0.6,4,30,тест,15,35,0.4286,12,888,0.0135,6
logon+device,0.6,5,7,валидация,0,35,0.0,0,910,0.0,
logon+device,0.6,5,7,тест,0,35,0.0,0,888,0.0,
logon+device,0.6,5,14,валидация,2,35,0.0571,0,910,0.0,9.5
logon+device,0.6,5,14,тест,0,35,0.0,1,888,0.0011,
logon+device,0.6,5,30,валидация,2,35,0.0571,5,910,0.0055,9.5
logon+device,0.6,5,30,тест,0,35,0.0,4,888,0.0045,
